Player,Pos,FTr,ORB%,DRB%,TRB%,AST%,STL%,BLK%,TOV%,USG%,FG%,3P%,2P%,eFG%,FT%
Alex Abrines,SG,0.144,1.9,7.1,4.5,5.5,1.7,0.6,8.3,15.9,0.393,0.381,0.426,0.531,0.898
Quincy Acy,PF,0.353,3.9,18,11,4.9,1.2,2,9.7,16.8,0.412,0.411,0.413,0.521,0.75
Steven Adams,C,0.392,13,15.5,14.2,5.4,1.8,2.6,16,16.2,0.571,0,0.572,0.571,0.611
Arron Afflalo,SG,0.221,0.7,8.4,4.6,7.4,0.7,0.4,8.4,14.4,0.44,0.411,0.457,0.514,0.892
Alexis Ajinca,C,0.225,8.3,23.8,16,3.1,1.7,3.1,13.7,17.2,0.5,0,0.511,0.5,0.725
Cole Aldrich,C,0.256,11,23.9,17.4,6.4,2.4,3.7,15.1,9.4,0.523,,0.523,0.523,0.682
LaMarcus Aldridge,PF,0.258,8.6,16.6,12.7,9.9,1,3.1,7.7,24.5,0.477,0.411,0.48,0.488,0.812
Lavoy Allen,PF,0.196,13.7,14.6,14.2,9.1,1,2.4,13.7,10.9,0.458,0,0.461,0.458,0.697
Tony Allen,SG,0.218,9.6,13.8,11.7,8.4,3.1,1.4,13.3,17.9,0.461,0.278,0.479,0.473,0.615
Al-Farouq Aminu,SF,0.292,4.8,23.5,14.1,7.9,1.7,2,15.2,15.4,0.393,0.33,0.445,0.468,0.706
Chris Andersen,C,0.636,9,20.6,15,5.9,2.2,5,15.1,13,0.409,0,0.474,0.409,0.714
Alan Anderson,SF,0.2,1.1,7.4,4.4,4.9,0.5,0,7.4,13.7,0.375,0.318,0.444,0.463,0.75
Justin Anderson,SF,0.294,6.2,16.9,11.3,8.8,1.7,1.6,11.7,20.9,0.424,0.299,0.522,0.49,0.791
Kyle Anderson,SG,0.273,3.7,19,11.5,12.4,2.5,2.1,14.3,12.1,0.445,0.375,0.462,0.481,0.789
Ryan Anderson,PF,0.194,5.8,11.2,8.5,4.7,0.7,0.5,6.2,17.9,0.418,0.403,0.446,0.55,0.86
Giannis Antetokounmpo,SF,0.486,5.9,22.6,14.3,26.6,2.3,4.7,13.3,28.3,0.521,0.272,0.563,0.541,0.77
Carmelo Anthony,SF,0.263,2.6,15.9,9.3,14.5,1.2,1.1,9,29.1,0.433,0.359,0.466,0.488,0.833
Joel Anthony,C,0.5,7.6,20.9,14.4,3.4,0.8,4,17,8.7,0.625,,0.625,0.625,0.625
Trevor Ariza,SF,0.158,2.1,15.9,9,8.8,2.5,0.6,8,14.1,0.409,0.344,0.556,0.528,0.738
Darrell Arthur,PF,0.102,4.4,14.9,9.7,9.3,1.5,2.5,13.8,17.3,0.442,0.453,0.429,0.565,0.864
Omer Asik,C,0.6,10.4,25.3,17.8,4.2,0.5,1.7,14.6,8.8,0.477,,0.477,0.477,0.59
D.J. Augustin,PG,0.311,1,7.4,4.1,20.4,1,0.1,13.3,19.4,0.377,0.347,0.412,0.469,0.814
Luke Babbitt,SF,0.053,1.3,13.5,7.4,4.8,1,0.8,8,13,0.402,0.414,0.366,0.557,0.733
Ron Baker,SG,0.198,1.5,10.8,6.2,17.3,2,0.8,19.2,14.8,0.378,0.267,0.45,0.431,0.651
Wade Baldwin,PG,0.322,3,10.2,6.5,22.8,2.3,1.7,23.4,19.2,0.313,0.136,0.355,0.326,0.838
Leandro Barbosa,SG,0.115,1.6,10.3,5.9,13,1.5,0.7,10.4,20,0.439,0.357,0.466,0.483,0.889
J.J. Barea,PG,0.149,1.3,11.9,6.3,44.2,0.9,0.1,14.7,26.2,0.414,0.358,0.456,0.491,0.863
Harrison Barnes,PF,0.22,3.7,13.2,8.2,7.8,1.2,0.5,6.8,25.3,0.468,0.351,0.492,0.498,0.861
Matt Barnes,SF,0.188,4.6,19.9,12.4,15.6,1.3,1.3,17.3,15.6,0.391,0.331,0.467,0.483,0.787
Will Barton,SG,0.285,3.8,12.8,8.4,17.7,1.4,1.3,11.5,21.1,0.443,0.37,0.483,0.508,0.753
Brandon Bass,PF,0.473,8.6,16.2,12.5,5.7,1.2,1.6,11.4,19.7,0.575,0.333,0.579,0.578,0.875
Nicolas Batum,SG,0.291,1.9,18.4,10.1,27.6,1.6,1,15,22.3,0.403,0.333,0.453,0.472,0.856
Jerryd Bayless,PG,0.313,4.6,14,9.3,29.4,0,0,19.8,27.7,0.344,0.4,0.333,0.375,0.9
Aron Baynes,C,0.337,10,21.6,15.6,3.9,0.7,2.8,13.5,14.1,0.513,,0.513,0.513,0.84
Kent Bazemore,SF,0.233,2.6,10.3,6.5,14.2,2.3,2.3,13.6,20.5,0.409,0.346,0.446,0.473,0.708
Bradley Beal,SG,0.259,2.2,7.8,5,16.2,1.5,0.7,9.6,26.5,0.482,0.404,0.538,0.566,0.825
Malik Beasley,SG,0.137,3.4,8,5.7,10.2,2.1,0,9.4,22,0.452,0.321,0.533,0.514,0.8
Michael Beasley,PF,0.259,5,18.9,12,9.9,1.5,2.5,12.7,25.3,0.532,0.419,0.545,0.554,0.743
Marco Belinelli,SG,0.273,0.9,10.2,5.5,13.1,1.2,0.4,9.2,19.2,0.429,0.36,0.488,0.512,0.893
DeAndre' Bembry,SF,0.163,4.2,13.1,8.7,11.5,1.1,1.2,13.2,14.2,0.48,0.056,0.575,0.485,0.375
Dragan Bender,PF,0.068,4.2,15.6,9.7,5.5,0.8,3.1,16.2,14.4,0.354,0.277,0.483,0.441,0.364
Anthony Bennett,PF,0.391,10.1,21,15.6,7.1,0.9,0.9,10,19.4,0.413,0.271,0.568,0.484,0.722
Ben Bentil,PF,0,0,24.4,11.6,0,0,0,25,18.9,0,0,0,0,
Davis Bertans,PF,0.145,3.2,10.6,6.9,8.3,1.3,2.8,11.4,15.7,0.44,0.399,0.557,0.588,0.824
Patrick Beverley,SG,0.175,5,15.9,10.4,18.8,2.3,1,14.6,14.1,0.42,0.382,0.463,0.521,0.768
Bismack Biyombo,C,0.69,9.3,25.6,17.2,6,0.7,4.1,17.7,13.2,0.528,,0.528,0.528,0.534
Nemanja Bjelica,PF,0.171,5.5,18.6,12,9.6,1.7,1.4,13.4,16.4,0.424,0.316,0.531,0.503,0.738
Tarik Black,C,0.371,13.8,20.7,17.1,5.3,1.3,3.3,14.5,15.7,0.51,0.5,0.51,0.512,0.752
Eric Bledsoe,PG,0.443,2.5,13.8,8,31.1,2,1.2,15.3,28.1,0.434,0.335,0.477,0.485,0.847
Bojan Bogdanovic,SF,0.288,1.9,12.3,7.2,8.7,0.8,0.3,12,22.4,0.445,0.367,0.512,0.53,0.893
Bojan Bogdanovic,SF,0.325,2.6,12.3,7.5,5.2,0.8,0.6,12.4,22.2,0.457,0.391,0.521,0.553,0.934
Andrew Bogut,C,0.136,10.6,33.9,21.7,12.3,1.2,3.9,33.4,10.4,0.469,0,0.475,0.469,0.273
Joel Bolomboy,PF,0.375,9,27.6,18.5,6.3,1,3.1,9.7,18.2,0.563,0.25,0.667,0.594,0.5
Devin Booker,SG,0.308,1.8,8.3,5,16.3,1.3,0.6,12.9,28.6,0.423,0.363,0.447,0.475,0.832
Trevor Booker,PF,0.186,8.7,25.5,17.2,12.9,2.1,1.2,16.6,18.7,0.516,0.321,0.546,0.537,0.673
Avery Bradley,SG,0.12,4,16.2,10.1,10.9,1.8,0.5,9.7,21.9,0.463,0.39,0.504,0.533,0.731
Corey Brewer,SF,0.195,2.7,11.5,7.1,10.7,2.3,1.2,12.7,14.3,0.422,0.229,0.522,0.461,0.735
Malcolm Brogdon,SG,0.198,2.8,9.6,6.3,24.3,2.2,0.5,14.1,18.5,0.457,0.404,0.48,0.518,0.865
Aaron Brooks,PG,0.133,2.3,6.3,4.3,20.7,1.4,0.9,17.2,19.2,0.403,0.375,0.424,0.483,0.8
Anthony Brown,SF,0,5.3,16.9,11,7.6,1.5,0.5,10.7,15.6,0.36,0.259,0.478,0.43,
Bobby Brown,PG,0.033,0,5.3,2.7,17.6,0.4,0,7.6,22.7,0.383,0.4,0.36,0.5,1
Jaylen Brown,SF,0.293,3.8,14.4,9.1,7.2,1.3,1.1,12.5,18.1,0.454,0.341,0.507,0.508,0.685
Nicolas Brussino,SF,0.156,5.5,16.2,10.6,13.9,1.7,1.4,14.7,16,0.369,0.305,0.5,0.472,0.773
Reggie Bullock,SF,0.055,2.9,12.4,7.5,8.8,1.9,0.5,7.1,13.4,0.422,0.384,0.473,0.531,0.714
Trey Burke,PG,0.114,1.1,6.4,3.8,20.7,0.8,0.6,15.2,19.6,0.455,0.443,0.459,0.516,0.759
Alec Burks,SG,0.315,3.1,17.7,10.6,7.5,1.4,0.6,11,22.7,0.399,0.329,0.43,0.45,0.769
Jimmy Butler,SF,0.54,4.9,13.2,9,24.8,2.6,0.9,9.3,26.5,0.455,0.367,0.477,0.492,0.865
Bruno Caboclo,SF,0,14.2,14.1,14.1,15.1,2.5,2.2,11.1,20.1,0.375,0.333,0.4,0.438,
Jose Calderon,PG,0.09,3,12.2,7.5,23.3,1,0.2,22.7,14.4,0.41,0.313,0.5,0.485,0.917
Kentavious Caldwell-Pope,SG,0.199,2.3,8.7,5.3,11.2,1.8,0.4,7.9,19.2,0.399,0.35,0.442,0.481,0.832
Isaiah Canaan,SG,0.191,1.1,7.9,4.5,9,1.9,0.1,9.6,15.3,0.364,0.266,0.481,0.436,0.909
Clint Capela,C,0.314,12.5,24.5,18.5,6.9,1.1,4.2,12,19.9,0.643,,0.643,0.643,0.531
DeMarre Carroll,SF,0.213,3.8,12.7,8.3,5.7,2.2,1.2,8.3,15.5,0.401,0.341,0.485,0.5,0.761
Vince Carter,SF,0.235,2.2,12.5,7.2,11.5,1.7,1.9,8.5,14.9,0.394,0.378,0.418,0.508,0.765
Michael Carter-Williams,PG,0.252,3,16.4,9.7,20,2.3,2.2,16.3,20.9,0.366,0.234,0.401,0.391,0.753
Omri Casspi,SF,0.176,4.9,15.2,10.1,8.6,1.8,0.4,14,14.5,0.467,0.349,0.508,0.512,0.586
Willie Cauley-Stein,C,0.314,7,20.5,13.8,9.4,1.9,2.9,11.2,19.6,0.53,0,0.532,0.53,0.669
Tyson Chandler,C,0.544,12.6,33.1,22.6,3.3,1.2,1.5,19.2,11.3,0.671,,0.671,0.671,0.734
Wilson Chandler,SF,0.207,5.2,17.7,11.5,9.8,1.2,1.1,10,22,0.461,0.337,0.527,0.52,0.727
Marquese Chriss,PF,0.286,5.8,16.1,10.8,5.2,1.8,3.2,13.2,19.7,0.449,0.321,0.52,0.506,0.624
Rakeem Christmas,PF,0.674,13.5,15.2,14.4,2.5,0.7,2.4,12.5,13.1,0.442,,0.442,0.442,0.724
Semaj Christon,PG,0.139,2.2,7.9,5,18.1,1.4,0.5,15.4,12.2,0.345,0.19,0.406,0.372,0.548
Ian Clark,SG,0.134,2.3,9.1,5.9,11.2,1.7,0.6,10.7,19.5,0.487,0.374,0.556,0.558,0.759
Jordan Clarkson,SG,0.157,2.2,9.3,5.6,14.4,1.8,0.3,12.5,23.3,0.445,0.329,0.503,0.5,0.798
Norris Cole,PG,0.192,0,9.8,4.9,16.3,3.1,0,11,21.5,0.308,0.231,0.333,0.337,0.8
Darren Collison,PG,0.239,1.3,7.2,4.3,24.5,1.6,0.4,12.6,19.8,0.476,0.417,0.495,0.527,0.86
Nick Collison,PF,0.348,7.8,18.2,13,13.2,0.8,1.2,13.1,10.1,0.609,0,0.636,0.609,0.625
Mike Conley,PG,0.365,1.5,10.8,6,34.5,2.1,0.8,11.8,26.3,0.46,0.408,0.497,0.545,0.859
Pat Connaughton,SG,0.125,3.5,14.8,9.1,12.7,0.9,0.5,18.3,13,0.514,0.515,0.513,0.632,0.778
Quinn Cook,PG,0.076,0.6,3.6,2,22.8,1.1,0,16,19.6,0.5,0.423,0.55,0.583,0.4
DeMarcus Cousins,C,0.468,7.1,29.2,18.2,25.8,2,3.3,13.5,36.5,0.452,0.36,0.483,0.497,0.772
Robert Covington,SF,0.238,4.8,17.9,11.3,7.5,2.9,2.6,13.9,19.2,0.399,0.333,0.484,0.492,0.822
Allen Crabbe,SG,0.192,0.9,10.2,5.5,6.1,1.2,0.7,8.1,14.9,0.468,0.444,0.49,0.572,0.847
Jamal Crawford,SG,0.234,0.9,5.7,3.3,15.1,1.4,0.5,12.3,22.7,0.413,0.36,0.444,0.48,0.857
Jordan Crawford,SG,0.119,0.9,7.2,4.1,22.7,1.2,0.4,9.8,25.5,0.482,0.389,0.553,0.567,0.769
Jae Crowder,SF,0.301,2.3,17.3,9.9,10.1,1.5,0.8,8.8,17,0.463,0.398,0.54,0.572,0.811
Dante Cunningham,SF,0.075,3.6,14.2,8.9,3.1,1.2,1.4,7,10.7,0.485,0.392,0.579,0.584,0.593
Seth Curry,PG,0.142,1.4,9.2,5.1,15.9,2,0.3,11,19.5,0.481,0.425,0.528,0.578,0.85
Stephen Curry,PG,0.251,2.7,11.4,7.3,31.1,2.6,0.5,13,30.1,0.468,0.411,0.537,0.58,0.898
Troy Daniels,SG,0.109,2,7.9,4.8,6.6,0.9,0.3,8,21.7,0.374,0.389,0.336,0.513,0.796
Anthony Davis,C,0.424,6.7,27.9,17.3,11.1,1.7,5.1,9.1,32.6,0.504,0.299,0.524,0.517,0.802
Deyonta Davis,C,0.383,9.3,19.8,14.4,1.3,0.7,6.8,12.7,12,0.511,,0.511,0.511,0.556
Ed Davis,PF,0.57,13.4,20.7,17.1,4.8,0.9,2.2,17.2,12,0.528,,0.528,0.528,0.617
Dewayne Dedmon,C,0.359,11.2,30.5,21.1,4.8,1.4,3.7,16.9,12.3,0.622,,0.622,0.622,0.699
Sam Dekker,SF,0.159,7.2,14.6,10.9,7.7,1.3,1.2,8.2,14.9,0.473,0.321,0.591,0.543,0.559
Malcolm Delaney,PG,0.24,1,9.8,5.5,23.1,1.5,0.1,18.1,18.3,0.374,0.236,0.428,0.407,0.806
Matthew Dellavedova,PG,0.18,1.4,7.1,4.3,25.7,1.4,0,18.8,16.3,0.39,0.367,0.404,0.463,0.854
Luol Deng,SF,0.149,4.5,17.7,10.8,7,1.6,1.1,8.7,14.2,0.387,0.309,0.436,0.447,0.73
DeMar DeRozan,SG,0.419,3,13.6,8.3,20.6,1.5,0.4,9,34.3,0.467,0.266,0.484,0.477,0.842
Cheick Diallo,PF,0.276,12.1,26.7,19.3,3.2,1,2.9,7.6,20.5,0.474,,0.474,0.474,0.714
Boris Diaw,PF,0.107,4.3,9.8,7.1,20.3,0.7,0.6,20.3,15.6,0.446,0.247,0.512,0.477,0.743
Gorgui Dieng,PF,0.253,8.1,20.5,14.2,8.6,1.7,3.1,12.7,14,0.502,0.372,0.511,0.514,0.814
Spencer Dinwiddie,PG,0.526,2.2,10.7,6.5,20.3,1.6,1.3,15.1,14.1,0.444,0.376,0.478,0.507,0.792
Toney Douglas,PG,0.248,3.7,14.3,8.9,22.2,2.4,1.2,13.9,17.4,0.368,0.167,0.48,0.397,0.828
Goran Dragic,PG,0.335,2.7,9.9,6.3,29,1.8,0.4,14.1,27.1,0.475,0.405,0.499,0.527,0.79
Andre Drummond,C,0.39,15.1,36.3,25.3,5.9,2.6,3.1,12.5,22.4,0.53,0.286,0.532,0.531,0.386
Jared Dudley,PF,0.188,2.4,15.9,9,12.5,1.5,0.9,16.1,13.7,0.454,0.379,0.559,0.565,0.662
Mike Dunleavy,SF,0.205,2.4,12.4,7.5,8.6,0.9,0.7,10.5,14,0.423,0.396,0.465,0.543,0.8
Kris Dunn,PG,0.188,2.1,12.6,7.3,19.4,3,2.3,20.8,14.2,0.377,0.288,0.404,0.411,0.61
Kevin Durant,SF,0.374,2.2,23.6,13.6,23.1,1.5,3.8,10.4,27.8,0.537,0.375,0.608,0.594,0.875
Jarell Eddie,SF,0.474,1.7,10.8,6.1,0,0.8,0,4.2,16.2,0.316,0.25,0.667,0.421,0.889
Henry Ellenson,PF,0.125,5.8,25.6,15.3,7.2,0.3,0.6,17.2,24.7,0.359,0.286,0.448,0.438,0.5
Wayne Ellington,SG,0.077,1.3,8.6,4.9,7.1,1.2,0.2,5,17.9,0.416,0.378,0.509,0.55,0.86
Monta Ellis,SG,0.23,1.1,10.3,5.7,17.2,2,1.2,18,16.8,0.443,0.319,0.483,0.482,0.727
Joel Embiid,C,0.569,8.5,25.6,17,16,1.7,7.7,17.9,36,0.466,0.367,0.495,0.508,0.783
James Ennis,SF,0.343,5.1,14.9,9.9,6.5,1.6,1.2,13.8,13,0.455,0.372,0.516,0.534,0.782
Tyler Ennis,PG,0.12,1.8,6.8,4.3,21.7,2.1,0.3,17,19.1,0.433,0.386,0.457,0.498,0.84
Tyreke Evans,SF,0.249,1.8,17.1,9.5,25.9,2.2,1,12.9,26.7,0.405,0.356,0.429,0.462,0.75
Dante Exum,PG,0.201,2.9,9.3,6.2,14.2,0.9,0.8,16.8,18.1,0.427,0.295,0.519,0.488,0.795
Kenneth Faried,PF,0.454,15.7,23.6,19.7,6.3,1.6,2.4,10.4,18.3,0.548,0,0.556,0.548,0.693
Jordan Farmar,PG,0,3.3,6.5,4.9,38.6,2.9,0,20,19.4,0.333,0.444,0,0.5,
Derrick Favors,PF,0.261,9.2,20.2,14.9,7.9,2,2.7,11.4,20.7,0.487,0.3,0.491,0.49,0.615
Kay Felder,PG,0.31,0.9,10.5,5.9,22.7,2.3,1.5,14.7,24.3,0.392,0.318,0.404,0.415,0.714
Cristiano Felicio,C,0.419,12.8,19.5,16.1,5.7,1.2,1.2,11.2,12.4,0.577,,0.577,0.577,0.645
Raymond Felton,PG,0.125,2.2,11.8,7.1,16.3,2,1.1,13.3,16.5,0.43,0.319,0.473,0.475,0.781
Yogi Ferrell,PG,0.226,1.8,9.2,5.3,23.2,1.8,0.7,13.9,19.6,0.406,0.386,0.422,0.492,0.831
Dorian Finney-Smith,PF,0.183,3.7,12.3,7.8,6,1.6,1.4,11.1,11.6,0.372,0.293,0.479,0.456,0.754
Bryn Forbes,SG,0.061,0.8,8.2,4.6,11.7,0.2,0,9.8,17.9,0.364,0.321,0.413,0.449,0.833
Evan Fournier,SG,0.298,2.1,8.3,5.1,14.8,1.5,0.1,11.8,23.5,0.439,0.356,0.491,0.508,0.805
Randy Foye,SG,0.194,0.8,11.9,6.4,15.2,1.3,0.5,18.5,14.4,0.363,0.33,0.418,0.466,0.857
Tim Frazier,PG,0.319,2.3,9.7,6,31.4,1.8,0.3,18,16.3,0.403,0.313,0.446,0.453,0.76
Channing Frye,C,0.142,3,19.3,11.4,4.9,1.2,2.1,8.8,19.3,0.458,0.409,0.546,0.589,0.851
Danilo Gallinari,SF,0.516,2,14.7,8.4,9.1,0.9,0.5,8.1,19.9,0.447,0.389,0.491,0.531,0.902
Langston Galloway,PG,0.117,1.9,9.3,5.6,9.4,1.5,0.3,7.4,18.4,0.38,0.39,0.367,0.49,0.797
Patricio Garino,SG,0,2.5,15.6,8.9,0,0,0,30,10.2,0,0,0,0,
Marc Gasol,C,0.286,2.6,18.7,10.4,24.8,1.4,3.7,11.3,26.4,0.459,0.388,0.48,0.503,0.837
Pau Gasol,C,0.305,7.6,26.8,17.4,14.7,0.8,3.5,10.6,21.3,0.502,0.538,0.494,0.548,0.707
Rudy Gay,SF,0.312,4,17.5,10.8,13.9,2.2,2.3,12.8,25.8,0.455,0.372,0.483,0.502,0.855
Michael Gbinije,SG,0.2,6.6,3.5,5.1,7.9,0,0,0,15,0.1,0,0.167,0.1,1
Alonzo Gee,SF,0.643,5,13.5,9.3,8.2,2.7,0.9,18.2,10.5,0.214,0,0.273,0.214,0.556
Paul George,SF,0.277,2.5,17.9,10.3,16.1,2.2,0.9,12.6,28.9,0.461,0.393,0.501,0.533,0.898
Marcus Georges-Hunt,SG,1.429,2.2,18.7,10.2,8.3,1,0,14.9,12.3,0.286,0.5,0.2,0.357,0.9
Jonathan Gibson,PG,0.305,0.5,11.1,5.5,18.8,1.8,0,16.3,26.3,0.368,0.333,0.4,0.447,0.724
Taj Gibson,PF,0.223,8.6,18,13.2,5.9,1.1,2.6,11.9,19.3,0.515,0.231,0.52,0.517,0.715
Manu Ginobili,SG,0.244,2.5,11.1,6.9,20.8,3.2,1,16.5,20.4,0.39,0.392,0.387,0.491,0.804
Rudy Gobert,C,0.763,13.6,29.5,21.8,5.7,0.9,6.4,15.1,16.7,0.662,0,0.663,0.662,0.653
Archie Goodwin,SG,0.636,3.5,10.3,6.9,18.5,0.9,1.8,14.2,19.8,0.545,0.333,0.608,0.583,0.786
Aaron Gordon,SF,0.251,5.3,14.1,9.6,10.5,1.4,1.4,8.5,20.1,0.454,0.288,0.528,0.499,0.719
Eric Gordon,SG,0.172,1.4,8.1,4.7,12.3,1,1.4,10,22.1,0.406,0.372,0.468,0.527,0.84
Marcin Gortat,C,0.236,10.6,26.8,18.7,6.8,0.8,2.1,13.7,14.7,0.579,0,0.58,0.579,0.648
Treveon Graham,SG,0.375,2.9,10,6.4,4.7,1.6,0.5,6,11.8,0.475,0.6,0.4,0.588,0.667
Jerami Grant,SF,0.448,2.7,12.2,7.4,4.2,1.1,4.1,10.1,12.1,0.463,0.371,0.514,0.529,0.612
Jerian Grant,PG,0.243,1.8,9.9,5.8,17.3,2.3,0.6,11.7,16,0.425,0.366,0.473,0.507,0.89
Danny Green,SG,0.071,2,11.8,7,9.6,2,2.6,14.1,13.5,0.392,0.379,0.42,0.523,0.844
Draymond Green,PF,0.328,4.6,20.9,13.3,27.6,3,3.4,19.8,16.2,0.418,0.308,0.494,0.481,0.709
Gerald Green,SF,0.177,3.6,13.9,8.8,9.8,0.8,1.1,9.1,22.7,0.409,0.351,0.463,0.494,0.805
JaMychal Green,PF,0.334,8.8,21.1,14.8,6.3,1.1,1.5,14.1,14.4,0.5,0.379,0.549,0.555,0.802
Jeff Green,PF,0.301,2.7,12.8,7.6,8.1,1.2,0.7,10.6,20.3,0.394,0.275,0.458,0.442,0.863
Blake Griffin,PF,0.434,6.1,20.2,13.4,24.5,1.4,0.9,10.9,28,0.493,0.336,0.514,0.513,0.76
Justin Hamilton,C,0.137,6.5,17,11.8,7.3,1.2,2.8,9.7,16.2,0.459,0.304,0.601,0.532,0.75
A.J. Hammons,C,0.476,5.4,20.9,12.8,3.8,0.3,7.2,16.4,17.6,0.405,0.5,0.375,0.464,0.45
Tim Hardaway,SG,0.235,1.8,9.5,5.7,14.3,1.3,0.6,9.5,22.5,0.455,0.357,0.537,0.537,0.766
James Harden,PG,0.575,3.5,20.9,12.2,50.7,2,1,19.5,34.2,0.44,0.347,0.53,0.525,0.847
Maurice Harkless,SF,0.199,6.2,10.8,8.5,6,1.9,2.5,11.1,15.1,0.503,0.351,0.572,0.558,0.621
Justin Harper,PF,0,7.1,10.7,8.9,10.5,0,0,25,22.4,0.417,0.286,0.6,0.5,
Montrezl Harrell,C,0.351,8.3,14.2,11.2,9.6,0.9,3.2,9.9,17.6,0.652,0.143,0.663,0.654,0.628
Devin Harris,PG,0.378,1.1,13,6.8,20,2.1,0.6,12.5,19.7,0.399,0.328,0.476,0.484,0.829
Gary Harris,SG,0.21,3,8,5.5,13.6,1.9,0.3,9.8,18.4,0.502,0.42,0.558,0.586,0.776
Joe Harris,SG,0.135,1.5,12,6.8,7.3,1.2,0.5,12.5,16.5,0.425,0.385,0.489,0.543,0.714
Manny Harris,SG,0.267,13.3,29.3,20.9,12.7,0,0,10.7,35.4,0.2,0,0.231,0.2,0.5
Tobias Harris,PF,0.213,2.6,15.6,8.8,8.8,1.2,1.3,7.6,21.7,0.481,0.347,0.537,0.532,0.841
Aaron Harrison,SG,0.5,0,19.5,9.7,22.6,0,0,0,12.9,0,0,0,0,0.5
Andrew Harrison,PG,0.539,1.7,9,5.3,20,1.9,1.3,16,16.4,0.325,0.276,0.363,0.385,0.763
Udonis Haslem,C,0.652,6.7,24.1,15.3,6.4,1.9,0.6,21.3,12.8,0.478,0,0.55,0.478,0.6
Spencer Hawes,PF,0.188,5.3,21.5,13.4,16.5,0.9,3.3,14,19.8,0.484,0.309,0.556,0.529,0.846
Gordon Hayward,SF,0.371,2.3,15.4,9,18.2,1.5,0.6,9.4,27.6,0.471,0.398,0.506,0.536,0.844
Gerald Henderson,SG,0.298,2.2,10,6.1,10.5,1.2,0.7,9,17.9,0.423,0.353,0.455,0.478,0.806
John Henson,C,0.346,9.6,20.8,15.3,7.7,1.3,6.1,13,16.6,0.515,0,0.516,0.515,0.692
Juan Hernangomez,PF,0.339,5.7,18.7,12.3,4.7,1.7,1.1,10.7,14.6,0.451,0.407,0.495,0.554,0.75
Willy Hernangomez,C,0.269,13.8,27.1,20.4,11.5,1.5,2.2,16.1,20.3,0.529,0.267,0.538,0.533,0.728
Mario Hezonja,SF,0.152,2.2,14.7,8.3,9.6,1.5,1.2,14.1,18.8,0.355,0.299,0.398,0.42,0.8
Roy Hibbert,C,0.51,8.7,16.2,12.4,4.6,0.6,5.9,15.1,14,0.544,,0.544,0.544,0.813
Buddy Hield,SG,0.099,2,13.5,7.8,10.3,1,0.4,11.2,21.4,0.426,0.391,0.46,0.522,0.842
Nene Hilario,C,0.496,8.6,16.9,12.8,8.6,2.2,2.7,13.1,19.7,0.617,0.333,0.624,0.621,0.589
George Hill,PG,0.323,1.8,10.5,6.2,22.6,1.7,0.6,10.9,23.5,0.477,0.403,0.523,0.554,0.801
Jordan Hill,C,0.154,19.6,15.1,17.4,0,1.1,0,22.4,16.8,0.385,,0.385,0.385,1
Solomon Hill,SF,0.268,2.3,11.4,6.8,8.1,1.5,1.1,13.3,11.5,0.384,0.348,0.43,0.482,0.805
Darrun Hilliard,SG,0.222,0.6,9.2,4.7,12.3,1.5,0.4,16.8,19.3,0.373,0.261,0.438,0.421,0.75
Jrue Holiday,PG,0.188,2.2,10.6,6.4,35.9,2.2,1.6,16.7,23.5,0.453,0.356,0.498,0.509,0.708
Justin Holiday,SG,0.149,1.8,13.1,7.4,9.2,2,1.5,10.3,16.9,0.433,0.355,0.513,0.523,0.825
Rondae Hollis-Jefferson,SF,0.467,5.8,21.1,13.6,13.4,2.2,1.9,15.1,18.7,0.434,0.224,0.463,0.447,0.751
Richaun Holmes,C,0.25,8.7,20.1,14.4,8.3,1.7,3.7,10.7,18.6,0.558,0.351,0.606,0.591,0.699
Rodney Hood,SG,0.173,1.2,13.1,7.3,10.1,1.3,0.6,8.3,22.9,0.408,0.371,0.44,0.494,0.783
Al Horford,C,0.169,4.9,18.6,11.8,24.4,1.2,3.3,11.9,19.8,0.473,0.355,0.524,0.527,0.8
Danuel House,SG,,0,100,56.4,0,0,0,,0,,,,,
Dwight Howard,C,0.692,15,31.7,23.5,7.8,1.4,3.6,17.5,19.2,0.633,0,0.635,0.633,0.533
Marcelo Huertas,PG,0.25,0.9,10.5,5.5,30.8,2.1,0.7,20.1,17,0.368,0.211,0.429,0.397,0.529
Josh Huestis,PF,0.091,14.3,17.9,16.1,15.5,0,7.7,0,15.7,0.545,0.5,0.571,0.636,0
Kris Humphries,PF,0.383,9.7,23,16.4,6.4,1.1,2.6,10.1,17.6,0.407,0.352,0.425,0.451,0.78
R.J. Hunter,SG,0,0,12.1,6,0,0,0,0,4.8,0,0,,0,
Serge Ibaka,PF,0.127,5.7,19,12.2,5.2,0.8,4.2,9.2,20.9,0.48,0.391,0.522,0.543,0.856
Andre Iguodala,SF,0.246,3,13.1,8.3,16.7,1.8,1.5,11.2,11.2,0.528,0.362,0.651,0.605,0.706
Ersan Ilyasova,PF,0.233,5.9,18.8,12.4,11,1.3,0.9,10.6,22.2,0.431,0.353,0.496,0.511,0.778
Joe Ingles,SF,0.151,1.4,13.5,7.6,17.1,2.6,0.3,18.2,13.9,0.452,0.441,0.471,0.589,0.735
Brandon Ingram,SF,0.312,2.8,12.8,7.6,10.5,1.1,1.3,12.9,16.8,0.402,0.294,0.443,0.442,0.621
Kyrie Irving,PG,0.231,2.3,7.5,5,29.7,1.6,0.8,10.3,30.8,0.473,0.401,0.505,0.535,0.905
Jarrett Jack,PG,0.667,0,0,0,20.3,3,0,43.6,9.2,0.667,0,1,0.667,1
Demetrius Jackson,PG,1.5,13.2,13,13.1,28.2,0,0,0,17.3,0.75,1,0.667,0.875,0.5
Pierre Jackson,PG,0.179,1.3,11.6,6.2,38,1.2,0,6.7,25.3,0.333,0.273,0.357,0.372,0.857
Reggie Jackson,PG,0.201,1.6,7.3,4.3,30.3,1.2,0.3,13.4,26.4,0.419,0.359,0.442,0.468,0.868
LeBron James,SF,0.395,4,20.7,12.6,41.3,1.6,1.3,16.1,30,0.548,0.363,0.611,0.594,0.674
Al Jefferson,C,0.18,9.2,24.2,16.8,11,1,1.5,6.1,26.1,0.499,0,0.5,0.499,0.765
Richard Jefferson,SF,0.315,2,11.5,6.9,6.6,0.8,0.5,11.8,12.2,0.446,0.333,0.58,0.536,0.741
John Jenkins,SG,0.4,0,8.6,4.2,11.5,0,0,0,18.9,0.4,0.5,0.333,0.5,1
Brandon Jennings,PG,0.284,1.8,10.1,5.9,30.4,1.9,0.2,17.5,17.6,0.359,0.313,0.399,0.433,0.75
Jonas Jerebko,PF,0.141,5.5,19.1,12.3,8.1,1,1.1,12.3,11.4,0.435,0.346,0.523,0.521,0.703
Amir Johnson,PF,0.27,8.2,17,12.6,13,1.6,3.2,15.7,13.6,0.576,0.409,0.612,0.612,0.67
Brice Johnson,PF,0,12.8,24.2,18.6,18.6,11.1,9.1,12.5,39.8,0.286,,0.286,0.286,
James Johnson,PF,0.28,3.5,16.6,9.9,20.9,1.8,3.2,16.5,22,0.479,0.34,0.548,0.535,0.707
Joe Johnson,SF,0.123,2.1,12.7,7.6,12.6,1,0.8,9.5,18.5,0.436,0.411,0.454,0.521,0.818
Stanley Johnson,SF,0.145,2.8,12.7,7.5,10.5,2.1,1.5,15.5,14.8,0.353,0.292,0.398,0.415,0.679
Tyler Johnson,PG,0.308,2.5,12.5,7.4,16.6,1.9,1.6,8.8,20.9,0.433,0.372,0.46,0.49,0.768
Wesley Johnson,SF,0.085,3.7,20.8,12.5,3.9,1.8,3,8,12.5,0.365,0.246,0.537,0.438,0.647
Nikola Jokic,C,0.267,11.6,27.2,19.5,28.8,1.5,2.1,15.2,23.5,0.578,0.324,0.628,0.605,0.825
Dahntay Jones,SF,0.5,9.5,8.9,9.2,14.5,0,0,9.3,39.9,0.375,0,0.5,0.375,0.75
Damian Jones,C,0.625,12.4,17,14.8,0,0.6,3.7,22.7,13.4,0.5,,0.5,0.5,0.3
Derrick Jones,SF,0.339,7.6,8.2,7.9,3.1,1.2,1.9,8.6,11.7,0.562,0.273,0.591,0.574,0.707
James Jones,SF,0.217,0.9,9.8,5.5,5.2,0.9,2.1,9,13,0.478,0.47,0.5,0.647,0.65
Terrence Jones,PF,0.346,5.4,20.2,12.7,7.3,1.5,3.5,7.8,21.4,0.47,0.253,0.51,0.49,0.606
Tyus Jones,PG,0.238,1.5,8.7,5,28,3.1,0.6,16,13.6,0.414,0.356,0.454,0.486,0.767
DeAndre Jordan,C,0.737,13.3,34.6,24.2,5.7,1,4.3,13.2,15.3,0.714,0,0.717,0.714,0.482
Cory Joseph,SG,0.185,2.9,10.4,6.6,20,1.7,0.6,13.1,18.4,0.452,0.356,0.477,0.489,0.77
Frank Kaminsky,C,0.195,3.2,15.8,9.5,13.5,1.2,1.5,8,21.8,0.399,0.328,0.455,0.471,0.756
Enes Kanter,C,0.387,14.1,20.8,17.4,7.9,1,2,12.5,27.3,0.545,0.132,0.568,0.549,0.786
Ryan Kelly,PF,0.214,1,16.7,9,10.2,1.8,3.9,11.5,13.7,0.286,0.4,0.222,0.357,0.833
Michael Kidd-Gilchrist,SF,0.314,7.3,19.3,13.2,7.4,1.7,2.9,7.4,14.6,0.477,0.111,0.483,0.478,0.784
Sean Kilpatrick,SG,0.329,1.3,15.4,8.4,14.6,1.2,0.3,13.9,23.9,0.415,0.341,0.468,0.486,0.843
Brandon Knight,SG,0.293,2.3,9.1,5.6,17.8,1.1,0.4,13.1,25,0.398,0.324,0.425,0.441,0.857
Kyle Korver,SG,0.082,0.5,11,5.9,9.4,1,1,11.5,15.2,0.464,0.451,0.494,0.621,0.905
Kosta Koufos,C,0.158,9.7,22.9,16.4,5.3,1.3,3.1,12.7,15.3,0.551,0,0.552,0.551,0.613
Mindaugas Kuzminskas,SF,0.184,5,8.4,6.7,10.3,1.4,0.9,11.3,19.2,0.428,0.321,0.517,0.501,0.809
Skal Labissiere,PF,0.339,9.7,20.7,15.3,7.5,1.3,1.9,12.9,21.3,0.537,0.375,0.543,0.544,0.703
Jeremy Lamb,SG,0.263,2.9,22.7,12.7,11.3,1.2,1.8,6.8,23.2,0.46,0.281,0.536,0.502,0.853
Nicolas Laprovittola,PG,0.191,0.7,5.7,3.3,23,1.2,0.5,27.2,18.2,0.426,0.37,0.5,0.532,1
Joffrey Lauvergne,PF,0.217,8,20.1,14.1,10.8,1.3,0.5,13.2,18.5,0.44,0.337,0.483,0.49,0.63
Zach LaVine,SG,0.197,1.2,9.5,5.3,12.6,1.2,0.5,9.9,21.7,0.459,0.387,0.515,0.544,0.836
Ty Lawson,PG,0.416,3,8.9,6,30,2.2,0.3,17.3,19.5,0.454,0.288,0.502,0.487,0.797
Jake Layman,SF,0.191,2.7,8,5.3,6.2,1.8,1,10.2,19,0.292,0.255,0.342,0.365,0.765
Courtney Lee,SG,0.139,2.3,9.1,5.7,10.6,1.6,0.8,8.5,14.4,0.456,0.401,0.49,0.533,0.867
David Lee,PF,0.269,11.6,21.9,16.9,13,1.1,2.2,14.9,16.9,0.59,,0.59,0.59,0.708
Alex Len,C,0.449,10.6,25.3,17.8,4.2,1.1,5.1,15.5,17.6,0.497,0.25,0.503,0.5,0.721
Kawhi Leonard,SF,0.407,3.7,15.7,9.8,18.9,2.7,1.8,9.1,31.1,0.485,0.381,0.529,0.541,0.88
Meyers Leonard,PF,0.106,2.4,19,10.7,8.4,0.5,1.8,8.1,15.5,0.386,0.347,0.436,0.484,0.875
Jon Leuer,PF,0.175,5.5,17.5,11.3,8.6,0.8,1.1,8.7,17.3,0.48,0.293,0.545,0.518,0.867
Caris LeVert,SF,0.245,2,13.9,8,13.7,1.9,0.5,12.3,16.6,0.45,0.321,0.571,0.528,0.72
DeAndre Liggins,SG,0.282,2.9,12.2,7.7,9.2,3,1.5,20.8,11.6,0.387,0.37,0.396,0.447,0.625
Damian Lillard,PG,0.366,1.9,13.3,7.6,28.7,1.3,0.6,10.2,31.5,0.444,0.37,0.491,0.516,0.895
Jeremy Lin,PG,0.353,1.3,14.7,8.1,35.5,2.2,1.2,15.7,26.6,0.438,0.372,0.48,0.51,0.816
Shaun Livingston,PG,0.19,2.4,9.4,6.2,13.5,1.4,1.2,15.1,12.9,0.547,0.333,0.55,0.549,0.7
Shawn Long,C,0.321,19.3,20.8,20,10.7,1.9,3.1,9.5,25.4,0.56,0.368,0.6,0.592,0.543
Kevon Looney,C,0.318,11.5,18.5,15.2,8.5,1.5,3,12.2,13.4,0.523,0.222,0.551,0.533,0.618
Brook Lopez,C,0.311,5.8,13.3,9.6,14.8,0.8,4.2,12.1,29.2,0.474,0.346,0.536,0.531,0.81
Robin Lopez,C,0.134,11.4,13.2,12.3,5.6,0.4,4.1,9.9,17.5,0.493,0,0.494,0.493,0.721
Kevin Love,PF,0.34,8.9,29.3,19.5,9.8,1.4,0.9,10.9,26.4,0.427,0.373,0.471,0.51,0.871
Kyle Lowry,PG,0.398,2.4,12.1,7.3,29.9,2,0.7,13.8,24.9,0.464,0.412,0.518,0.569,0.819
John Lucas,PG,0,0,0,0,12.5,9.2,0,0,16.1,0.25,0,0.333,0.25,
Timothe Luwawu-Cabarrot,SF,0.341,2.3,11.5,6.9,9.6,1.3,0.7,15,17.8,0.402,0.311,0.475,0.471,0.854
Trey Lyles,PF,0.18,4.9,18.1,11.7,9.6,1.2,1.4,11.9,21.7,0.362,0.319,0.4,0.436,0.722
Shelvin Mack,PG,0.202,2,10.1,6.1,20.4,1.8,0.2,17.8,19.6,0.446,0.308,0.51,0.495,0.688
Ian Mahinmi,C,0.676,9.6,20.8,15.2,4.7,2.9,3.6,19.1,14,0.586,,0.586,0.586,0.573
Thon Maker,C,0.271,8.4,15.2,11.8,6.2,0.9,4.1,7.7,17.8,0.459,0.378,0.514,0.536,0.653
Boban Marjanovic,C,0.439,16.5,32.5,24.2,5.3,1,3.4,6,25.3,0.545,,0.545,0.545,0.81
Jarell Martin,PF,0.331,8.4,25.3,16.6,2.2,1.6,1.5,13.9,16.4,0.384,0.36,0.389,0.414,0.8
Wesley Matthews,SG,0.211,0.8,11.8,6,13.6,1.6,0.6,9.9,19.4,0.393,0.363,0.432,0.496,0.816
Luc Mbah,SF,0.23,3,7.7,5.4,3.1,2.3,1.6,10.1,11.6,0.505,0.391,0.552,0.562,0.678
James Michael,PF,0.359,8.7,12.6,10.8,4.9,1.9,5,12.3,14.6,0.53,0.25,0.55,0.538,0.5
Patrick McCaw,SG,0.151,2.4,7.6,5.2,9,1.4,1.1,12.1,11.9,0.433,0.333,0.533,0.516,0.784
Sheldon McClellan,SG,0.36,1.6,11.7,6.7,7,1.4,0.6,5.4,14,0.4,0.233,0.511,0.447,0.852
C.J. McCollum,SG,0.204,2.4,9.2,5.8,18,1.3,1.2,9.9,27.5,0.48,0.42,0.506,0.544,0.912
T.J. McConnell,PG,0.176,2,11,6.5,37.5,3.1,0.4,22.4,14.4,0.461,0.2,0.492,0.472,0.811
Chris McCullough,PF,0.156,12.1,13.3,12.7,4.4,1.2,1.9,8.1,19.9,0.5,0.143,0.6,0.516,0.6
K.J. McDaniels,SF,0.225,3.2,14.1,8.7,4,1.8,2.8,13.5,18.1,0.456,0.303,0.553,0.515,0.842
Doug McDermott,SF,0.169,1.4,11.5,6.4,5.9,0.4,0.3,6.6,16.4,0.447,0.372,0.5,0.524,0.845
JaVale McGee,C,0.348,15.8,20.1,18.1,3.8,1.2,7.1,9.8,23.8,0.652,0,0.66,0.652,0.505
Rodney McGruder,SG,0.154,5.3,9.2,7.2,8.8,1.2,0.7,10.2,12.3,0.413,0.332,0.488,0.492,0.62
Ben McLemore,SG,0.222,1.9,10.8,6.4,6.9,1.2,0.5,11.9,20.1,0.43,0.382,0.462,0.507,0.753
Jordan McRae,SG,0.227,1.8,9.5,5.7,7.4,1,1.3,7.8,20.8,0.387,0.353,0.404,0.447,0.794
Josh McRoberts,PF,0.076,6.6,15,10.7,18.9,1.3,0.8,15.9,16.9,0.373,0.419,0.356,0.428,0.667
Jodie Meeks,SG,0.289,0.7,10.9,5.7,9.3,2.3,0.4,11.1,19.4,0.402,0.409,0.395,0.512,0.878
Salah Mejri,C,0.445,11.9,28.4,19.8,2.4,1.8,6.1,19.6,10.6,0.642,0.333,0.649,0.646,0.59
Jordan Mickey,PF,0.412,10.4,16.4,13.4,7.1,1.1,3.5,18.3,15.5,0.441,0,0.455,0.441,0.571
Khris Middleton,SF,0.276,1.5,14.5,8.1,17.5,2.3,0.7,14.8,22.5,0.45,0.433,0.459,0.518,0.88
C.J. Miles,SF,0.144,1.9,12.4,7.2,4.1,1.3,1.2,5.5,18.4,0.434,0.413,0.471,0.565,0.903
Mike Miller,SF,0.087,2.2,26.1,14.3,18.3,0.6,0,35.2,10.4,0.391,0.4,0.333,0.565,1
Patty Mills,PG,0.129,1.6,7.4,4.6,24.3,1.9,0.1,13.3,19.5,0.439,0.413,0.474,0.557,0.825
Elijah Millsap,SG,0.286,13.8,14.6,14.2,5.6,0,0,20.2,18,0.143,0,0.2,0.143,0.5
Paul Millsap,PF,0.417,5.3,19.5,12.5,17.9,1.9,2.3,12.1,24.4,0.442,0.311,0.486,0.481,0.768
Nikola Mirotic,PF,0.205,3.9,20.9,12.3,6.9,1.6,2.7,10.4,19.8,0.413,0.342,0.52,0.516,0.773
Greg Monroe,C,0.329,10.8,23.1,17,17.3,2.6,1.8,14.4,24.3,0.533,0,0.536,0.533,0.741
E'Twaun Moore,SG,0.12,1.9,6.9,4.4,13.8,1.3,1.4,8.7,17.4,0.457,0.37,0.501,0.519,0.77
Marcus Morris,SF,0.184,3.2,12.8,7.8,9.4,1,0.8,7.4,20.3,0.418,0.331,0.466,0.477,0.784
Markieff Morris,PF,0.242,5.1,18.2,11.7,7.8,1.7,1.5,11.6,20.5,0.457,0.362,0.483,0.497,0.837
Anthony Morrow,SG,0.147,1.9,2.9,2.4,5.2,1.7,0.2,2.2,16.4,0.389,0.308,0.479,0.47,0.919
Donatas Motiejunas,PF,0.355,5.7,16.6,11.1,10.3,1.8,1.9,16.3,17.6,0.413,0.234,0.505,0.453,0.51
Timofey Mozgov,C,0.238,9.9,16.4,13.1,5.9,0.7,2.3,16.6,16.8,0.515,0,0.517,0.515,0.808
Emmanuel Mudiay,PG,0.303,2.3,11.6,7,21.8,1.4,0.7,16.5,22.6,0.377,0.315,0.408,0.428,0.784
Shabazz Muhammad,SF,0.318,6.4,10.6,8.5,3.7,0.7,0.3,7.6,21.5,0.482,0.336,0.529,0.523,0.774
Dejounte Murray,PG,0.259,2.2,12.4,7.4,22.6,1.3,1.5,22.7,23.5,0.431,0.391,0.441,0.47,0.7
Jamal Murray,SG,0.164,2.6,10.7,6.7,14,1.4,1.1,12.6,21.6,0.404,0.334,0.466,0.483,0.883
Mike Muscala,C,0.19,6.9,14.4,10.7,11.9,1.2,2.8,13.1,14.8,0.504,0.418,0.546,0.573,0.766
Larry Nance,PF,0.222,8.8,19.6,14,9.7,2.8,2.3,12.4,13.4,0.526,0.278,0.554,0.54,0.738
Shabazz Napier,PG,0.268,1.7,11.5,6.6,19.5,3.1,0.3,16.7,21.2,0.399,0.37,0.429,0.492,0.776
Maurice Ndour,PF,0.302,7.1,13.7,10.4,3.5,2.3,2,11,14.3,0.453,0.143,0.481,0.459,0.731
Gary Neal,SG,0.571,0,6,3.1,7.1,0,0,0,21.2,0,0,0,0,1
Jameer Nelson,PG,0.104,1.5,8.8,5.2,26,1.3,0.3,17,15.8,0.444,0.388,0.489,0.531,0.714
Raul Neto,PG,0.099,1.4,8.4,5,15.1,3.2,1.2,13.6,14.8,0.451,0.323,0.517,0.505,0.889
Georges Niang,PF,0.056,2.4,17.9,10.3,7.5,1.6,0,11.9,20.2,0.25,0.083,0.333,0.264,1
Andrew Nicholson,PF,0.126,4.9,14.6,9.8,4.1,2.3,1.5,12.7,17,0.387,0.185,0.452,0.41,0.643
Joakim Noah,C,0.388,17,25.7,21.3,14.1,1.5,3,19.8,12.5,0.493,0,0.495,0.493,0.436
Nerlens Noel,C,0.359,9.8,22.3,15.9,8.1,3.1,4.1,12.5,17.6,0.595,0,0.597,0.595,0.694
Lucas Nogueira,C,0.429,8.5,16.7,12.6,5.4,2.4,7.2,19.9,9.5,0.66,0.25,0.694,0.67,0.657
Steve Novak,PF,0,0,15.7,7.9,0,0,0,0,14.5,0.286,0.167,1,0.357,
Dirk Nowitzki,PF,0.165,1.8,28.3,14.4,10.6,1.1,2.4,6.6,25.8,0.437,0.378,0.463,0.495,0.875
Jusuf Nurkic,C,0.393,12.3,24.8,18.6,13.9,1.8,4.2,18.6,23.9,0.507,0,0.508,0.507,0.571
David Nwaba,SG,0.481,4.3,13.1,8.5,5,1.6,1.4,10.1,11.8,0.58,0.2,0.605,0.586,0.641
Johnny O'Bryant,PF,0.2,12.4,13.7,13.1,12.7,0,1,15.5,21.1,0.5,0.5,0.5,0.55,0.833
Kyle O'Quinn,C,0.201,13.7,24.8,19.2,14.8,1.5,6.9,14.5,18.5,0.521,0.118,0.538,0.523,0.771
Daniel Ochefu,C,0.074,7.6,25.4,16.5,5.8,1.3,0,9.7,18,0.444,,0.444,0.444,0
Jahlil Okafor,C,0.335,7.9,15.5,11.7,9,0.9,3.4,14.4,24.1,0.514,,0.514,0.514,0.671
Victor Oladipo,SG,0.165,1.9,12.6,7.2,12.5,1.7,0.8,10.6,21.4,0.442,0.361,0.491,0.51,0.753
Kelly Olynyk,C,0.242,5.3,20.7,13,15.2,1.4,1.5,14.6,19,0.512,0.354,0.608,0.579,0.732
Arinze Onuaku,C,0,7.6,16,11.7,9.9,0,2.9,33.3,9.4,0.5,,0.5,0.5,
Chinanu Onuaku,C,0.571,4.2,16.8,10.5,7.8,2.8,1.6,31.3,10.4,0.714,,0.714,0.714,1
Kelly Oubre,SF,0.224,4.3,13.9,9.1,4,1.8,0.9,9.2,14.5,0.421,0.287,0.52,0.482,0.758
Zaza Pachulia,C,0.41,12.9,22,17.7,13.6,2.2,2,19.5,15.3,0.534,0,0.538,0.534,0.778
Georgios Papagiannis,C,0.137,7.9,19.9,14,9,0.4,4.4,18.2,16.9,0.549,0,0.56,0.549,0.857
Jabari Parker,PF,0.268,5.4,15.7,10.6,14.3,1.5,1.1,9.2,26.5,0.49,0.365,0.525,0.53,0.743
Tony Parker,PG,0.206,0.7,7.3,4,27.8,1.1,0.1,12.5,20.2,0.466,0.333,0.484,0.486,0.726
Chandler Parsons,SF,0.194,1,13.6,7.1,12.8,1.5,0.7,9.1,17.8,0.338,0.269,0.388,0.394,0.814
Lamar Patterson,SG,0.2,2.8,16.3,9.6,21.1,1.2,0,19.7,22.2,0.2,0.167,0.222,0.233,0.667
Patrick Patterson,PF,0.156,4.4,16.2,10.3,6.6,1.3,1.2,8.5,12.5,0.401,0.372,0.458,0.523,0.717
Chris Paul,PG,0.331,2.5,14.9,8.8,46.8,3.1,0.3,14,24.4,0.476,0.411,0.518,0.555,0.892
Adreian Payne,PF,0.352,7.7,21,14.3,8,3,4.4,11.4,23.1,0.426,0.2,0.513,0.454,0.737
Cameron Payne,PG,0.041,0.7,10.7,5.7,17.7,1.5,0.9,12.9,20.9,0.332,0.314,0.346,0.402,0.625
Elfrid Payton,PG,0.231,3.9,13.8,8.7,35.7,1.8,1.3,15,21.6,0.471,0.274,0.509,0.493,0.692
Gary Payton,PG,0.227,0,14,7.1,18.1,1.5,3.6,29.2,15.8,0.364,0.111,0.538,0.386,0.6
Paul Pierce,SF,0.186,0.4,18.5,9.7,5,0.7,1.5,17.4,14.8,0.4,0.349,0.481,0.507,0.769
Marshall Plumlee,C,0.633,14.5,17.8,16.2,8.1,1.2,1.9,23.8,12.8,0.533,,0.533,0.533,0.421
Mason Plumlee,C,0.482,8.8,22.5,15.6,19.8,1.6,3.4,15.2,18.1,0.536,0,0.541,0.536,0.58
Miles Plumlee,C,0.424,9,13.3,11.1,6.1,1.9,2.4,21.6,13.1,0.478,,0.478,0.478,0.641
Jakob Poeltl,C,0.496,14.1,15.7,14.9,2.7,1.4,2.8,17.2,12.1,0.583,,0.583,0.583,0.544
Otto Porter,SF,0.148,5.1,17.1,11.1,6.7,2.2,1.3,4.8,15.1,0.516,0.434,0.576,0.608,0.832
Bobby Portis,PF,0.157,8,24,16,5.7,0.8,0.9,8.4,19.1,0.488,0.333,0.541,0.531,0.661
Kristaps Porzingis,PF,0.256,5.5,18.2,11.8,7.3,1.1,4.9,9.7,24.3,0.45,0.357,0.493,0.507,0.786
Dwight Powell,C,0.374,7.7,19.5,13.3,6.1,2.4,2.6,7.2,16.7,0.515,0.284,0.571,0.542,0.759
Norman Powell,SG,0.314,2.2,11.7,6.9,9.3,1.9,0.9,10.8,21.1,0.449,0.324,0.514,0.504,0.792
Alex Poythress,PF,0.185,7.7,12.7,10.2,5.1,0.9,1,4.9,16.9,0.463,0.316,0.543,0.519,0.8
Ronnie Price,PG,0.167,2.4,6.7,4.5,16.9,3.9,0.6,10.4,9,0.167,0.176,0.143,0.229,0.75
Tim Quarterman,SG,0.103,5.5,13.9,9.7,21.1,1.2,3,26.6,22.8,0.448,0.385,0.5,0.534,0
Chasson Randle,PG,0.439,2.2,9.4,5.8,16.8,1.5,0.5,14,19.7,0.408,0.34,0.471,0.49,0.953
Julius Randle,PF,0.365,7.5,25.8,16.3,19.3,1.1,1.4,16.2,21.4,0.488,0.27,0.507,0.499,0.723
Zach Randolph,PF,0.2,11.3,27.4,19.1,13.5,1.1,0.5,8.6,29.2,0.449,0.223,0.474,0.46,0.731
J.J. Redick,SG,0.227,0.6,7.9,4.3,7.8,1.3,0.5,9.1,21.9,0.445,0.429,0.462,0.558,0.891
Willie Reed,C,0.309,13.7,22,17.8,3.9,0.9,3.6,8.7,15.3,0.568,0.25,0.573,0.57,0.557
Josh Richardson,SG,0.15,2.4,9.2,5.8,12.7,1.9,1.9,10.6,16.8,0.394,0.33,0.444,0.467,0.779
Malachi Richardson,SG,0.279,1.8,11.5,6.7,8.7,1.3,0.5,9.5,19.3,0.412,0.286,0.5,0.471,0.789
Austin Rivers,SG,0.261,1.1,7.5,4.4,15,1.2,0.4,12.4,20.3,0.442,0.371,0.491,0.518,0.691
Andre Roberson,SF,0.24,4.6,14.2,9.4,4.6,1.9,2.7,9.1,10.1,0.464,0.245,0.609,0.513,0.423
Brian Roberts,PG,0.32,1.3,9,5.2,18.7,1.1,0.2,15.7,17.9,0.377,0.386,0.372,0.447,0.846
Glenn Robinson,SF,0.225,4.5,14.6,9.6,4.7,1.4,1.2,9.1,12.8,0.467,0.392,0.512,0.54,0.711
Thomas Robinson,PF,0.337,15.8,28.1,21.8,8.8,2.3,1.3,17,20.7,0.536,0,0.538,0.536,0.47
Sergio Rodriguez,PG,0.05,1.5,9.9,5.7,35.4,1.5,0.2,18.9,19.3,0.392,0.365,0.415,0.478,0.667
Rajon Rondo,PG,0.089,4.2,16.6,10.4,37,2.7,0.5,22.4,17.8,0.408,0.376,0.418,0.453,0.6
Derrick Rose,PG,0.259,3.4,9.3,6.4,22.8,1.1,0.7,11.9,25.7,0.471,0.217,0.487,0.477,0.874
Terrence Ross,SF,0.103,1,10.9,5.9,7.1,2.3,1.4,8,19.3,0.437,0.363,0.518,0.532,0.831
Terry Rozier,PG,0.161,3.6,16.3,10,15.2,1.8,0.7,9.7,17.1,0.367,0.318,0.405,0.437,0.773
Ricky Rubio,PG,0.438,3.2,11.4,7.2,38.9,2.6,0.3,20.1,17.4,0.402,0.306,0.443,0.448,0.891
Damjan Rudez,SF,0,1.7,7.1,4.3,9.2,1.9,0.3,9.3,13.6,0.352,0.313,0.458,0.466,
Brandon Rush,SG,0.096,1.8,9.5,5.6,5.8,1.1,1.9,12.6,9.6,0.374,0.386,0.356,0.492,0.722
D'Angelo Russell,PG,0.217,1.8,11.9,6.7,26.8,2.3,0.7,15.6,26.6,0.405,0.352,0.447,0.483,0.782
Domantas Sabonis,PF,0.139,3,16.4,9.7,7.2,1.2,1.6,14,15.4,0.399,0.321,0.438,0.452,0.657
Larry Sanders,C,0.5,26.3,8.2,17,0,3.8,6.2,29.1,23.6,0.25,,0.25,0.25,1
Dario Saric,PF,0.237,5.8,20.8,13.3,14.3,1.3,1.1,15.2,24.6,0.411,0.311,0.469,0.468,0.782
Tomas Satoransky,SG,0.226,3.9,9.1,6.5,16.7,1.8,0.7,19.1,12.1,0.418,0.243,0.477,0.449,0.697
Dennis Schroder,PG,0.21,1.9,9,5.5,35.5,1.5,0.6,16.3,27.8,0.451,0.34,0.486,0.492,0.855
Luis Scola,PF,0.245,11.9,20,16,12.7,1.4,0.7,16.9,18.7,0.47,0.34,0.535,0.526,0.676
Mike Scott,PF,0.136,5.7,15,10.4,12.5,1,1.3,11.3,15.8,0.288,0.148,0.406,0.322,0.875
Thabo Sefolosha,SF,0.19,3.8,14.7,9.3,9.9,3,1.7,11.9,13.3,0.441,0.342,0.484,0.492,0.733
Wayne Selden,SG,0.379,0.5,7.2,3.8,8.5,1.3,0.4,15.1,15.3,0.431,0.25,0.6,0.491,0.636
Kevin Seraphin,PF,0.111,8.3,20,14.3,6.7,0.6,3.1,12.3,19,0.551,0,0.556,0.551,0.636
Ramon Sessions,PG,0.449,1.5,8.5,4.9,24.2,1.6,0.3,12.7,20.1,0.38,0.339,0.393,0.42,0.771
Iman Shumpert,SG,0.184,2.3,9.9,6.2,7.8,1.6,1.1,12.9,13.9,0.411,0.36,0.469,0.507,0.789
Pascal Siakam,PF,0.156,8.4,15.9,12.2,2.9,1.5,4.5,13.1,13.1,0.502,0.143,0.515,0.505,0.688
Jonathon Simmons,SG,0.314,1.7,11.1,6.5,13.2,1.7,1.5,13.7,18,0.42,0.294,0.461,0.456,0.75
Kyle Singler,SF,0.205,2.3,11.5,6.9,3.2,0.9,1,10.8,11.2,0.41,0.189,0.587,0.452,0.765
Marcus Smart,SG,0.334,3.7,10.5,7.1,22,2.6,1.2,15.6,18.8,0.359,0.283,0.42,0.422,0.812
Ish Smith,PG,0.136,1.1,12.4,6.6,32.5,1.6,1.4,12.4,20.5,0.439,0.267,0.467,0.458,0.706
J.R. Smith,SG,0.042,1.6,8.6,5.2,7.3,1.7,0.7,6.7,14.6,0.346,0.351,0.329,0.479,0.667
Jason Smith,C,0.155,6.8,20.4,13.6,5,1,4.3,14.2,16.7,0.529,0.474,0.546,0.585,0.686
Tony Snell,SG,0.107,1.1,11.1,6.2,5.9,1.2,0.5,8.8,12.1,0.455,0.406,0.548,0.588,0.81
Marreese Speights,C,0.25,7.9,24.1,16.2,8.1,0.9,2.6,10.2,23.6,0.445,0.372,0.52,0.539,0.876
Tiago Splitter,C,0.355,11.6,20.3,15.9,8.9,0.6,1,14.3,23.9,0.452,0.333,0.48,0.484,0.818
Nik Stauskas,SG,0.237,1.1,10.3,5.7,12.9,1,1.2,15.5,16.4,0.396,0.368,0.433,0.5,0.813
Lance Stephenson,SG,0.108,1.2,14.8,8,24.8,0.7,0.7,17.1,18.7,0.45,0.3,0.48,0.475,0.615
Jarnell Stokes,C,2,15.9,15.6,15.8,40.1,7,0,0,11.4,1,,1,1,0.5
Diamond Stone,C,0.308,4.8,22.7,14,0,0,3.4,11.9,31.3,0.231,,0.231,0.231,1
Rodney Stuckey,PG,0.439,1,12.4,6.8,17.7,1.2,0,15.4,22.2,0.373,0.317,0.391,0.412,0.748
Jared Sullinger,PF,0.167,9.6,16.3,12.9,3.7,1.7,0.7,7.2,21,0.313,0.167,0.4,0.344,0.5
Edy Tavares,C,0.6,16.3,26.7,21.6,5.1,0,17.3,24,13.2,0.8,,0.8,0.8,0
Isaiah Taylor,PG,0.286,2.1,4.2,3.1,7.1,0.9,1.6,0,6.4,0.143,0,0.2,0.143,0.5
Jeff Teague,PG,0.457,1.4,12.4,7,36.4,1.9,1.1,16.5,22.1,0.442,0.357,0.475,0.492,0.867
Mirza Teletovic,PF,0.108,1.1,15.4,8.3,6.4,0.5,1,7.8,19.1,0.373,0.341,0.46,0.498,0.778
Garrett Temple,SG,0.171,2.2,10,6.1,14.5,2.5,1.5,14.4,14.2,0.424,0.373,0.476,0.519,0.784
Jason Terry,SG,0.119,1.3,7.7,4.5,9.9,1.7,1.3,12.3,9.8,0.432,0.427,0.444,0.582,0.828
Isaiah Thomas,PG,0.441,1.9,7,4.4,32.6,1.4,0.4,10.7,34,0.463,0.379,0.528,0.546,0.909
Lance Thomas,PF,0.209,3.6,12.3,7.9,5,1.1,0.4,8.6,13.1,0.398,0.447,0.371,0.475,0.843
Hollis Thompson,SG,0.145,2.8,13.4,8,6.8,1.3,0.6,4.9,13,0.385,0.337,0.429,0.465,0.655
Klay Thompson,SG,0.158,2.2,9.2,5.9,9.3,1.2,1.2,8,26.1,0.468,0.414,0.516,0.565,0.853
Tristan Thompson,C,0.487,14,19.6,16.9,4.6,0.8,2.9,10.8,11.3,0.6,0,0.604,0.6,0.498
Marcus Thornton,SG,0.129,4.3,10.5,7.5,10.1,1.6,0.4,10.1,18.7,0.4,0.35,0.431,0.467,0.852
Mike Tobey,C,0,8.7,4.4,6.6,5.4,0,0,20,9,0.25,,0.25,0.25,
Anthony Tolliver,PF,0.234,4,14.5,9.3,7.7,1.1,1.2,12.6,13.6,0.442,0.391,0.537,0.57,0.744
Axel Toupane,SF,0,0,2.3,1.1,0,1,1.7,0,8.5,0.556,0.25,0.8,0.611,
Karl-Anthony Towns,C,0.289,11.2,27.8,19.4,13.2,1,2.9,11.3,27.5,0.542,0.367,0.582,0.576,0.832
P.J. Tucker,SF,0.193,5.6,17.8,11.6,6,2.5,0.7,11.2,11.2,0.413,0.357,0.451,0.485,0.774
Evan Turner,SF,0.187,2.4,14.2,8.3,18.4,1.6,1.2,14.3,18.5,0.426,0.263,0.47,0.454,0.825
Myles Turner,C,0.349,6.2,19.5,13,6.6,1.5,6,9.5,19.5,0.511,0.348,0.536,0.534,0.809
Beno Udrih,PG,0.173,1.1,10.3,5.6,35.4,1.2,0,14.9,19.7,0.467,0.344,0.491,0.495,0.941
Tyler Ulis,PG,0.162,1.9,7.5,4.6,30.5,2,0.4,14.1,20.3,0.421,0.266,0.455,0.445,0.775
Jarrod Uthoff,PF,0.184,7.7,14.8,11.1,12.8,0.9,3.1,6.8,18.1,0.421,0.333,0.448,0.461,0.714
Jonas Valanciunas,C,0.309,12.4,29.1,20.8,4.4,0.9,2.6,11.7,19.5,0.557,0.5,0.557,0.558,0.811
Denzel Valentine,SG,0.063,1.2,15.6,8.3,9.3,1.5,0.6,14.2,15.4,0.354,0.351,0.363,0.481,0.778
Fred VanVleet,PG,0.198,1.5,14.6,8.1,17.5,2.9,0.6,11.1,20.6,0.351,0.379,0.341,0.401,0.818
Anderson Varejao,C,0.786,15.3,16.8,16.1,13,1.6,2.6,29.8,12.6,0.357,,0.357,0.357,0.727
Greivis Vasquez,PG,0.375,0,5.4,2.7,17.5,1.2,1.9,9.7,11.3,0.25,0.333,0.2,0.313,0.667
Rashad Vaughn,SG,0.032,1,11.3,6.2,7.4,2.1,1.9,8.1,17.2,0.365,0.321,0.413,0.449,0.4
Noah Vonleh,PF,0.348,11.4,22.5,17,3.4,1.2,1.7,17.1,13.1,0.481,0.35,0.492,0.494,0.638
Nikola Vucevic,C,0.155,8.6,31.2,19.6,16.9,1.8,2.8,9.6,24.8,0.468,0.307,0.481,0.48,0.669
Sasha Vujacic,SG,0.176,3.2,12.4,7.8,17.9,1.6,0.4,9.8,17.3,0.309,0.311,0.306,0.393,0.708
Dwyane Wade,SG,0.294,3.8,12.6,8.2,22.4,2.4,1.8,11.3,29.6,0.434,0.31,0.456,0.457,0.794
Dion Waiters,SG,0.192,1.4,11,6.2,23.8,1.5,1.1,12.5,26.3,0.424,0.395,0.438,0.488,0.646
Kemba Walker,PG,0.248,1.8,10.6,6.2,29.1,1.6,0.7,9.5,29.2,0.444,0.399,0.476,0.527,0.847
John Wall,PG,0.367,2.3,10.6,6.5,46.9,2.7,1.4,16.2,30.6,0.451,0.327,0.48,0.482,0.801
Taurean Waller-Prince,SF,0.33,2.8,14.6,8.8,8.4,2.2,2.4,15.7,17.2,0.4,0.324,0.443,0.458,0.787
T.J. Warren,SF,0.189,6.5,11.7,9,5.8,1.8,1.5,6.1,19.2,0.495,0.265,0.527,0.511,0.773
C.J. Watson,PG,0.266,1.7,8.1,4.8,16.1,2.1,0.2,14.5,14.1,0.387,0.305,0.448,0.452,0.864
Briante Weber,PG,0.267,4.3,9.6,7,15,2.9,0.4,10.7,16.3,0.417,0.1,0.48,0.425,0.688
David West,C,0.222,6.4,18.8,13,24.1,2.4,4.4,22,17.9,0.536,0.375,0.541,0.542,0.768
Russell Westbrook,PG,0.433,5.4,28.8,17.1,57.3,2.3,0.9,15.9,41.7,0.425,0.343,0.459,0.476,0.845
Okaro White,PF,0.253,5.8,13.5,9.6,6,1.1,1.7,15.7,10.8,0.379,0.353,0.396,0.448,0.909
Isaiah Whitehead,PG,0.222,2.1,9.7,5.9,17.7,1.2,1.7,20.3,18.2,0.402,0.295,0.446,0.445,0.805
Hassan Whiteside,C,0.368,12.8,35.3,24,3.8,1.1,5,12,22.7,0.557,,0.557,0.557,0.628
Andrew Wiggins,SF,0.345,3.9,8.8,6.3,10.6,1.4,0.8,9.4,29,0.452,0.356,0.473,0.484,0.76
C.J. Wilcox,SG,0.065,3.9,8.3,6,15.5,0.9,0.7,15.8,15.4,0.258,0.2,0.313,0.306,1
Alan Williams,C,0.419,14,31.2,22.4,5.2,1.8,3.7,10.5,20.9,0.517,0,0.519,0.517,0.625
Deron Williams,PG,0.182,0.9,9.4,5.1,35.9,1,0.4,17.6,22.1,0.438,0.363,0.486,0.509,0.826
Derrick Williams,PF,0.365,2.6,15.1,8.9,5.1,0.9,0.7,9,17.2,0.443,0.309,0.531,0.504,0.652
Lou Williams,SG,0.458,1.4,9.9,5.5,19.9,1.9,0.8,11.8,29.1,0.429,0.365,0.48,0.511,0.88
Marvin Williams,PF,0.213,4.2,19.7,11.9,7.1,1.3,2,7.2,16.3,0.422,0.35,0.494,0.51,0.873
Reggie Williams,SF,0.304,2.7,5.4,4,7.2,1.9,0,0,14.6,0.348,0.455,0.25,0.457,0.857
Troy Williams,SF,0.192,3,11.2,7,7,2.5,1.7,15.4,17.2,0.437,0.29,0.524,0.491,0.656
Kyle Wiltjer,PF,0.143,9.9,14.9,12.4,6.1,3.3,1.8,25.2,19.1,0.286,0.308,0,0.429,0.5
Justise Winslow,SF,0.209,4,12.7,8.3,15.5,2.2,0.8,11.8,19.8,0.356,0.2,0.384,0.371,0.617
Jeff Withey,C,0.466,14.3,17.9,16.2,2.5,1.9,6,10.1,14.9,0.534,0,0.539,0.534,0.75
Christian Wood,PF,0.652,14.3,15.5,14.9,2.8,1.4,4.9,19.1,15.4,0.522,0,0.667,0.522,0.733
Metta World,SF,0.235,3.3,10.6,6.8,9.8,2.7,1,8.5,21.9,0.279,0.237,0.333,0.346,0.625
Brandan Wright,PF,0.259,7.7,12.4,10,6,1.3,4.3,6.2,16.3,0.615,0,0.619,0.615,0.657
Delon Wright,PG,0.474,4.1,8.1,6.1,18.2,3.1,2.1,15.1,16.6,0.422,0.333,0.453,0.466,0.764
James Young,SG,0.155,3.1,10,6.6,2.6,2.3,0.7,6.1,13.3,0.431,0.343,0.565,0.534,0.667
Joe Young,PG,0.208,0.8,13.1,7.1,18,1.5,0,6,27.8,0.361,0.217,0.429,0.396,0.733
Nick Young,SG,0.142,1.7,8.2,4.8,5.8,1.2,0.7,5.1,19.5,0.43,0.404,0.481,0.564,0.856
Thaddeus Young,PF,0.125,6.7,15.8,11.3,8.4,2.6,1.2,11.7,16.5,0.527,0.381,0.557,0.56,0.523
Cody Zeller,PF,0.442,8.6,17.3,12.9,9.1,1.8,3,10.9,15.5,0.571,0,0.572,0.571,0.679
Tyler Zeller,C,0.247,9.2,17,13.2,12.2,0.7,3.3,10.2,16.5,0.494,0,0.497,0.494,0.564
Stephen Zimmerman,C,0.161,10.8,24.9,17.6,5.3,0.9,3.7,8.3,14.8,0.323,,0.323,0.323,0.6
Paul Zipser,SF,0.181,1.9,14.2,8,6.1,0.9,1.5,14.4,14.4,0.398,0.333,0.451,0.473,0.775
Ivica Zubac,C,0.206,7.1,21.9,14.3,8.1,1.1,4.4,10.4,20.3,0.529,0,0.536,0.529,0.653